Last Activity Date,Total Call Count,Resource Account
"2026-08-04T00:00:00",11,"cq-reception-v2@ahri.com.au"
"2026-08-04T00:00:00",12,"cq-careersupport-overflow-v2@ahri.com.au"
"2026-08-04T00:00:00",12,"cq-careersupport-v2@ahri.com.au"
"2026-08-04T00:00:00",3,"cq-studentsupport-overflow-v2@ahri.com.au"
"2026-08-04T00:00:00",3,"cq-studentsupport-v2@ahri.com.au"
"2026-08-04T00:00:00",4,"cq-cpdevents-overflow-v2@ahri.com.au"
"2026-08-04T00:00:00",4,"cq-cdpevents-v2@ahri.com.au"
"2026-08-04T00:00:00",3,"cq-reception-overflow-v2@ahri.com.au"
"2026-08-04T00:00:00",1,"cq-corporatesales-overflow-v2@ahri.com.au"
"2026-08-04T00:00:00",1,"cq-corporatesales-v2@ahri.com.au"
"2026-08-04T00:00:00",8,"cq-membership-overflow-v2@ahri.com.au"
"2026-08-04T00:00:00",8,"cq-membership-v2@ahri.com.au"
"2026-08-05T00:00:00",4,"cq-careersupport-overflow-v2@ahri.com.au"
"2026-08-05T00:00:00",6,"cq-careersupport-v2@ahri.com.au"
"2026-08-05T00:00:00",3,"cq-membership-overflow-v2@ahri.com.au"
"2026-08-05T00:00:00",9,"cq-membership-v2@ahri.com.au"
"2026-08-05T00:00:00",1,"cq-reception-overflow-v2@ahri.com.au"
"2026-08-05T00:00:00",2,"cq-reception-v2@ahri.com.au"
"2026-08-05T00:00:00",2,"cq-cpdevents-overflow-v2@ahri.com.au"
"2026-08-05T00:00:00",2,"cq-cdpevents-v2@ahri.com.au"
"2026-08-06T00:00:00",3,"cq-studentsupport-overflow-v2@ahri.com.au"
"2026-08-06T00:00:00",3,"cq-studentsupport-v2@ahri.com.au"
"2026-08-06T00:00:00",6,"cq-reception-v2@ahri.com.au"
"2026-08-06T00:00:00",3,"cq-membership-v2@ahri.com.au"
"2026-08-06T00:00:00",5,"cq-careersupport-overflow-v2@ahri.com.au"
"2026-08-06T00:00:00",5,"cq-careersupport-v2@ahri.com.au"
"2026-08-06T00:00:00",2,"cq-reception-overflow-v2@ahri.com.au"
"2026-08-06T00:00:00",2,"cq-membership-overflow-v2@ahri.com.au"
"2026-08-07T00:00:00",7,"cq-careersupport-overflow-v2@ahri.com.au"
"2026-08-07T00:00:00",7,"cq-careersupport-v2@ahri.com.au"
"2026-08-07T00:00:00",8,"cq-membership-v2@ahri.com.au"
"2026-08-07T00:00:00",3,"cq-reception-overflow-v2@ahri.com.au"
"2026-08-07T00:00:00",5,"cq-reception-v2@ahri.com.au"
"2026-08-07T00:00:00",3,"cq-orgmembers-overflow-v2@ahri.com.au"
"2026-08-07T00:00:00",1,"cq-orgmembers-v2@ahri.com.au"
"2026-08-07T00:00:00",6,"cq-membership-overflow-v2@ahri.com.au"
"2026-08-07T00:00:00",2,"cq-grouptraining-v2@ahri.com.au"
"2026-08-07T00:00:00",1,"cq-corporatesales-overflow-v2@ahri.com.au"
"2026-08-07T00:00:00",1,"cq-corporatesales-v2@ahri.com.au"
"2026-08-07T00:00:00",1,"cq-studentsupport-overflow-v2@ahri.com.au"
"2026-08-07T00:00:00",1,"cq-studentsupport-v2@ahri.com.au"
"2026-08-09T00:00:00",4,"cq-membership-overflow-v2@ahri.com.au"
"2026-08-09T00:00:00",4,"cq-membership-v2@ahri.com.au"
"2026-08-09T00:00:00",1,"cq-careersupport-overflow-v2@ahri.com.au"
"2026-08-09T00:00:00",3,"cq-careersupport-v2@ahri.com.au"
"2026-08-10T00:00:00",7,"cq-reception-v2@ahri.com.au"
"2026-08-10T00:00:00",6,"cq-membership-overflow-v2@ahri.com.au"
"2026-08-10T00:00:00",4,"cq-membership-v2@ahri.com.au"
"2026-08-10T00:00:00",3,"cq-careersupport-overflow-v2@ahri.com.au"
"2026-08-10T00:00:00",6,"cq-careersupport-v2@ahri.com.au"
"2026-08-10T00:00:00",4,"cq-studentsupport-overflow-v2@ahri.com.au"
"2026-08-10T00:00:00",4,"cq-studentsupport-v2@ahri.com.au"
"2026-08-10T00:00:00",1,"cq-reception-overflow-v2@ahri.com.au"
"2026-08-11T00:00:00",4,"cq-membership-v2@ahri.com.au"
"2026-08-11T00:00:00",1,"cq-cpdevents-overflow-v2@ahri.com.au"
"2026-08-11T00:00:00",1,"cq-cdpevents-v2@ahri.com.au"
"2026-08-11T00:00:00",4,"cq-reception-v2@ahri.com.au"
"2026-08-11T00:00:00",8,"cq-careersupport-overflow-v2@ahri.com.au"
"2026-08-11T00:00:00",8,"cq-careersupport-v2@ahri.com.au"
"2026-08-11T00:00:00",4,"cq-studentsupport-overflow-v2@ahri.com.au"
"2026-08-11T00:00:00",4,"cq-studentsupport-v2@ahri.com.au"
"2026-08-12T00:00:00",1,"cq-corporatesales-overflow-v2@ahri.com.au"
"2026-08-12T00:00:00",1,"cq-corporatesales-v2@ahri.com.au"
"2026-08-12T00:00:00",3,"cq-reception-overflow-v2@ahri.com.au"
"2026-08-12T00:00:00",4,"cq-reception-v2@ahri.com.au"
"2026-08-12T00:00:00",1,"cq-cpdevents-overflow-v2@ahri.com.au"
"2026-08-12T00:00:00",1,"cq-cdpevents-v2@ahri.com.au"
"2026-08-12T00:00:00",7,"cq-studentsupport-overflow-v2@ahri.com.au"
"2026-08-12T00:00:00",7,"cq-studentsupport-v2@ahri.com.au"
"2026-08-12T00:00:00",1,"cq-membership-overflow-v2@ahri.com.au"
"2026-08-12T00:00:00",1,"cq-membership-v2@ahri.com.au"
"2026-08-12T00:00:00",6,"cq-careersupport-v2@ahri.com.au"
"2026-08-12T00:00:00",4,"cq-careersupport-overflow-v2@ahri.com.au"
"2026-08-13T00:00:00",4,"cq-membership-overflow-v2@ahri.com.au"
"2026-08-13T00:00:00",8,"cq-membership-v2@ahri.com.au"
"2026-08-13T00:00:00",1,"cq-cpdevents-overflow-v2@ahri.com.au"
"2026-08-13T00:00:00",1,"cq-cdpevents-v2@ahri.com.au"
"2026-08-13T00:00:00",4,"cq-careersupport-overflow-v2@ahri.com.au"
"2026-08-13T00:00:00",4,"cq-careersupport-v2@ahri.com.au"
"2026-08-13T00:00:00",8,"cq-reception-v2@ahri.com.au"
"2026-08-13T00:00:00",1,"cq-orgmembers-overflow-v2@ahri.com.au"
"2026-08-13T00:00:00",1,"cq-orgmembers-v2@ahri.com.au"
"2026-08-13T00:00:00",1,"cq-studentsupport-overflow-v2@ahri.com.au"
"2026-08-13T00:00:00",1,"cq-studentsupport-v2@ahri.com.au"
"2026-08-13T00:00:00",3,"cq-reception-overflow-v2@ahri.com.au"
"2026-08-14T00:00:00",8,"cq-careersupport-overflow-v2@ahri.com.au"
"2026-08-14T00:00:00",9,"cq-careersupport-v2@ahri.com.au"
"2026-08-14T00:00:00",1,"cq-studentsupport-overflow-v2@ahri.com.au"
"2026-08-14T00:00:00",1,"cq-studentsupport-v2@ahri.com.au"
"2026-08-14T00:00:00",8,"cq-reception-v2@ahri.com.au"
"2026-08-14T00:00:00",7,"cq-membership-overflow-v2@ahri.com.au"
"2026-08-14T00:00:00",7,"cq-membership-v2@ahri.com.au"
"2026-08-14T00:00:00",2,"cq-reception-overflow-v2@ahri.com.au"
"2026-08-14T00:00:00",1,"cq-cpdevents-overflow-v2@ahri.com.au"
"2026-08-14T00:00:00",1,"cq-cdpevents-v2@ahri.com.au"
"2026-08-16T00:00:00",2,"cq-careersupport-v2@ahri.com.au"
"2026-08-16T00:00:00",1,"cq-careersupport-overflow-v2@ahri.com.au"
"2026-08-16T00:00:00",1,"cq-studentsupport-overflow-v2@ahri.com.au"
"2026-08-16T00:00:00",1,"cq-studentsupport-v2@ahri.com.au"
"2026-08-17T00:00:00",2,"cq-reception-overflow-v2@ahri.com.au"
"2026-08-17T00:00:00",5,"cq-reception-v2@ahri.com.au"
"2026-08-17T00:00:00",6,"cq-membership-overflow-v2@ahri.com.au"
"2026-08-17T00:00:00",7,"cq-membership-v2@ahri.com.au"
"2026-08-17T00:00:00",7,"cq-careersupport-overflow-v2@ahri.com.au"
"2026-08-17T00:00:00",7,"cq-careersupport-v2@ahri.com.au"
"2026-08-17T00:00:00",5,"cq-studentsupport-overflow-v2@ahri.com.au"
"2026-08-17T00:00:00",6,"cq-studentsupport-v2@ahri.com.au"
"2026-08-17T00:00:00",1,"cq-orgmembers-overflow-v2@ahri.com.au"
"2026-08-17T00:00:00",1,"cq-grouptraining-v2@ahri.com.au"
"2026-08-18T00:00:00",5,"cq-membership-v2@ahri.com.au"
"2026-08-18T00:00:00",6,"cq-studentsupport-overflow-v2@ahri.com.au"
"2026-08-18T00:00:00",6,"cq-studentsupport-v2@ahri.com.au"
"2026-08-18T00:00:00",4,"cq-reception-v2@ahri.com.au"
"2026-08-18T00:00:00",9,"cq-careersupport-overflow-v2@ahri.com.au"
"2026-08-18T00:00:00",9,"cq-careersupport-v2@ahri.com.au"
"2026-08-18T00:00:00",3,"cq-membership-overflow-v2@ahri.com.au"
"2026-08-18T00:00:00",1,"cq-orgmembers-overflow-v2@ahri.com.au"
"2026-08-18T00:00:00",1,"cq-orgmembers-v2@ahri.com.au"
"2026-08-19T00:00:00",1,"cq-cpdevents-overflow-v2@ahri.com.au"
"2026-08-19T00:00:00",1,"cq-cdpevents-v2@ahri.com.au"
"2026-08-19T00:00:00",5,"cq-careersupport-overflow-v2@ahri.com.au"
"2026-08-19T00:00:00",11,"cq-careersupport-v2@ahri.com.au"
"2026-08-19T00:00:00",6,"cq-membership-overflow-v2@ahri.com.au"
"2026-08-19T00:00:00",7,"cq-membership-v2@ahri.com.au"
"2026-08-19T00:00:00",1,"cq-orgmembers-overflow-v2@ahri.com.au"
"2026-08-19T00:00:00",1,"cq-orgmembers-v2@ahri.com.au"
"2026-08-19T00:00:00",7,"cq-reception-v2@ahri.com.au"
"2026-08-19T00:00:00",5,"cq-studentsupport-overflow-v2@ahri.com.au"
"2026-08-19T00:00:00",5,"cq-studentsupport-v2@ahri.com.au"
"2026-08-19T00:00:00",1,"cq-reception-overflow-v2@ahri.com.au"
"2026-08-20T00:00:00",7,"cq-membership-overflow-v2@ahri.com.au"
"2026-08-20T00:00:00",7,"cq-membership-v2@ahri.com.au"
"2026-08-20T00:00:00",3,"cq-careersupport-overflow-v2@ahri.com.au"
"2026-08-20T00:00:00",4,"cq-careersupport-v2@ahri.com.au"
"2026-08-20T00:00:00",3,"cq-cpdevents-overflow-v2@ahri.com.au"
"2026-08-20T00:00:00",3,"cq-cdpevents-v2@ahri.com.au"
"2026-08-20T00:00:00",5,"cq-reception-v2@ahri.com.au"
"2026-08-20T00:00:00",2,"cq-reception-overflow-v2@ahri.com.au"
"2026-08-20T00:00:00",2,"cq-studentsupport-overflow-v2@ahri.com.au"
"2026-08-20T00:00:00",2,"cq-studentsupport-v2@ahri.com.au"
"2026-08-20T00:00:00",1,"cq-orgmembers-overflow-v2@ahri.com.au"
"2026-08-20T00:00:00",1,"cq-orgmembers-v2@ahri.com.au"
"2026-08-21T00:00:00",4,"cq-careersupport-overflow-v2@ahri.com.au"
"2026-08-21T00:00:00",4,"cq-careersupport-v2@ahri.com.au"
"2026-08-21T00:00:00",1,"cq-cpdevents-overflow-v2@ahri.com.au"
"2026-08-21T00:00:00",1,"cq-cdpevents-v2@ahri.com.au"
"2026-08-21T00:00:00",3,"cq-reception-overflow-v2@ahri.com.au"
"2026-08-21T00:00:00",4,"cq-reception-v2@ahri.com.au"
"2026-08-21T00:00:00",2,"cq-studentsupport-overflow-v2@ahri.com.au"
"2026-08-21T00:00:00",2,"cq-studentsupport-v2@ahri.com.au"
"2026-08-23T00:00:00",2,"cq-reception-v2@ahri.com.au"
"2026-08-23T00:00:00",1,"cq-reception-overflow-v2@ahri.com.au"
"2026-08-23T00:00:00",1,"cq-studentsupport-overflow-v2@ahri.com.au"
"2026-08-23T00:00:00",1,"cq-studentsupport-v2@ahri.com.au"
"2026-08-24T00:00:00",3,"cq-membership-overflow-v2@ahri.com.au"
"2026-08-24T00:00:00",4,"cq-membership-v2@ahri.com.au"
"2026-08-24T00:00:00",9,"cq-careersupport-overflow-v2@ahri.com.au"
"2026-08-24T00:00:00",9,"cq-careersupport-v2@ahri.com.au"
"2026-08-24T00:00:00",3,"cq-reception-v2@ahri.com.au"
"2026-08-24T00:00:00",2,"cq-reception-overflow-v2@ahri.com.au"
"2026-08-24T00:00:00",5,"cq-studentsupport-overflow-v2@ahri.com.au"
"2026-08-24T00:00:00",5,"cq-studentsupport-v2@ahri.com.au"
"2026-08-24T00:00:00",2,"cq-orgmembers-overflow-v2@ahri.com.au"
"2026-08-24T00:00:00",2,"cq-grouptraining-v2@ahri.com.au"
"2026-08-25T00:00:00",5,"cq-reception-v2@ahri.com.au"
"2026-08-25T00:00:00",5,"cq-studentsupport-overflow-v2@ahri.com.au"
"2026-08-25T00:00:00",5,"cq-studentsupport-v2@ahri.com.au"
"2026-08-25T00:00:00",1,"cq-reception-overflow-v2@ahri.com.au"
"2026-08-25T00:00:00",7,"cq-careersupport-overflow-v2@ahri.com.au"
"2026-08-25T00:00:00",7,"cq-careersupport-v2@ahri.com.au"
"2026-08-25T00:00:00",6,"cq-membership-overflow-v2@ahri.com.au"
"2026-08-25T00:00:00",8,"cq-membership-v2@ahri.com.au"
"2026-08-25T00:00:00",2,"cq-cpdevents-overflow-v2@ahri.com.au"
"2026-08-25T00:00:00",2,"cq-cdpevents-v2@ahri.com.au"
"2026-08-26T00:00:00",6,"cq-studentsupport-overflow-v2@ahri.com.au"
"2026-08-26T00:00:00",6,"cq-studentsupport-v2@ahri.com.au"
"2026-08-26T00:00:00",5,"cq-reception-overflow-v2@ahri.com.au"
"2026-08-26T00:00:00",8,"cq-reception-v2@ahri.com.au"
"2026-08-26T00:00:00",1,"cq-careersupport-v2@ahri.com.au"
"2026-08-26T00:00:00",2,"cq-membership-v2@ahri.com.au"
"2026-08-27T00:00:00",5,"cq-careersupport-overflow-v2@ahri.com.au"
"2026-08-27T00:00:00",5,"cq-careersupport-v2@ahri.com.au"
"2026-08-27T00:00:00",4,"cq-membership-v2@ahri.com.au"
"2026-08-27T00:00:00",1,"cq-studentsupport-overflow-v2@ahri.com.au"
"2026-08-27T00:00:00",1,"cq-studentsupport-v2@ahri.com.au"
"2026-08-27T00:00:00",1,"cq-cpdevents-overflow-v2@ahri.com.au"
"2026-08-27T00:00:00",1,"cq-cdpevents-v2@ahri.com.au"
"2026-08-27T00:00:00",1,"cq-reception-overflow-v2@ahri.com.au"
"2026-08-27T00:00:00",5,"cq-reception-v2@ahri.com.au"
"2026-08-27T00:00:00",1,"cq-membership-overflow-v2@ahri.com.au"
"2026-08-28T00:00:00",3,"cq-membership-overflow-v2@ahri.com.au"
"2026-08-28T00:00:00",4,"cq-membership-v2@ahri.com.au"
"2026-08-28T00:00:00",7,"cq-careersupport-overflow-v2@ahri.com.au"
"2026-08-28T00:00:00",7,"cq-careersupport-v2@ahri.com.au"
"2026-08-28T00:00:00",4,"cq-studentsupport-overflow-v2@ahri.com.au"
"2026-08-28T00:00:00",4,"cq-studentsupport-v2@ahri.com.au"
"2026-08-30T00:00:00",1,"cq-careersupport-overflow-v2@ahri.com.au"
"2026-08-30T00:00:00",1,"cq-careersupport-v2@ahri.com.au"
"2026-08-30T00:00:00",2,"cq-reception-overflow-v2@ahri.com.au"
"2026-08-30T00:00:00",2,"cq-reception-v2@ahri.com.au"
"2026-08-31T00:00:00",2,"cq-cpdevents-overflow-v2@ahri.com.au"
"2026-08-31T00:00:00",2,"cq-cdpevents-v2@ahri.com.au"
"2026-08-31T00:00:00",13,"cq-reception-overflow-v2@ahri.com.au"
"2026-08-31T00:00:00",16,"cq-reception-v2@ahri.com.au"
"2026-08-31T00:00:00",4,"cq-membership-overflow-v2@ahri.com.au"
"2026-08-31T00:00:00",7,"cq-membership-v2@ahri.com.au"
"2026-08-31T00:00:00",6,"cq-studentsupport-overflow-v2@ahri.com.au"
"2026-08-31T00:00:00",6,"cq-studentsupport-v2@ahri.com.au"
"2026-08-31T00:00:00",3,"cq-careersupport-overflow-v2@ahri.com.au"
"2026-08-31T00:00:00",3,"cq-careersupport-v2@ahri.com.au"
